astral-radiance-trainer-gallery,astral-radiance
base,base-set
brilliant-stars-trainer-gallery,brilliant-stars
bw-black-star-promos,black-white-promos
celebrations-classic-collection,celebrations
crown-zenith-galarian-gallery,crown-zenith
dp-black-star-promos,diamond-pearl-promos
ex-trainer-kit-2-minun,ex-trainer-kit-minun
ex-trainer-kit-2-plusle,ex-trainer-kit-plusle
expedition-base-set,expedition
hgss-black-star-promos,heartgold-soulsilver-promos
hidden-fates-shiny-vault,hidden-fates
hs-triumphant,triumphant
hs-undaunted,undaunted
hs-unleashed,unleashed
lost-origin-trainer-gallery,lost-origin
pokemon-futsal-collection,pokemon-futsal-promos-2020
pokemon-rumble,rumble
scarlet-violet-black-star-promos,scarlet-violet-promos
scarlet-violet-energies,scarlet-violet-energy
shining-fates-shiny-vault,shining-fates
silver-tempest-trainer-gallery,silver-tempest
sm-black-star-promos,sun-moon-promos
swsh-black-star-promos,sword-shield-promos
xy-black-star-promos,xy-promos
