black-white-energy-2011-unnumbered,black-white-energy-2011
hs-energy-2010-unnumbered,heartgold-soulsilver-energy-2010
hs-trainer-kit-gyarados,heartgold-soulsilver-trainer-kit-gyarados
hs-trainer-kit-raichu,heartgold-soulsilver-trainer-kit-raichu
mee,mega-evolution-energy
miscellaneous,ancient-mew
pokemon-trading-card-game-classic-blastoise,pokemon-tcg-classic-blastoise
pokemon-trading-card-game-classic-charizard,pokemon-tcg-classic-charizard
pokemon-trading-card-game-classic-venusaur,pokemon-tcg-classic-venusaur
xy-energy-2013-unnumbered,xy-energy-2013
